{"Layers":[{"activationFunction":2,"bias":[0.0,0.0],"dropOut":0.1,"inputSize":4,"outputSize":2,"weights":[[-0.06605333870500786,0.0014711096382738625,0.029557469690233845,-0.01357839908586568],[-0.023431284575290492,0.025187959089623957,0.05748769925068983,0.058287371859222364]]},{"activationFunction":2,"bias":[0.0,0.0,0.0,0.0,0.0],"dropOut":0.1,"inputSize":2,"outputSize":5,"weights":[[-0.07937616735025466,-0.027340647391413425],[0.022852599764376924,-0.020042901573650268],[0.07219699218231712,-0.08193262715750622],[-0.021297115804152722,-0.09278915574312345],[0.050991945914758224,-0.02140104580181372]]},{"activationFunction":4,"bias":[0.0,0.0,0.0],"dropOut":0.0,"inputSize":5,"outputSize":3,"weights":[[0.01165639044161279,0.005632186546134649,0.06902507581321901,-0.09988948132309841,-0.07840873216105931],[0.046991503583425936,0.05445667288858022,0.007002271426215387,0.017948338141517264,-0.01649932468968282],[-0.07614812387590131,-0.08257709740785726,-0.09697455221896321,0.00495053660191376,0.05666531182104681]]}],"inputDim":4,"numberOfLayers":3}
